{
    "counter": {
        "ACTIVE": 1167,
        "INACTIVE": 5,
        "INVALID": 0,
        "MALICIOUS": 0,
        "SANE": 0,
        "VALID": 0,
        "total": 1172
    },
    "percentage": {
        "ACTIVE": 99.57337883959045,
        "INACTIVE": 0.43029259896729777,
        "INVALID": 0,
        "MALICIOUS": 0,
        "SANE": 0,
        "VALID": 0,
        "total": 100.00367143855775
    }
}