{
    "counter": {
        "ACTIVE": 1513,
        "INACTIVE": 6,
        "INVALID": 0,
        "MALICIOUS": 0,
        "SANE": 0,
        "VALID": 0,
        "total": 1519
    },
    "percentage": {
        "ACTIVE": 99.60500329163924,
        "INACTIVE": 0.48231511254019294,
        "INVALID": 0,
        "MALICIOUS": 0,
        "SANE": 0,
        "VALID": 0,
        "total": 100.08731840417943
    }
}