{
    "counter": {
        "ACTIVE": 1681,
        "INACTIVE": 11,
        "INVALID": 0,
        "MALICIOUS": 0,
        "SANE": 0,
        "VALID": 0,
        "total": 1692
    },
    "percentage": {
        "ACTIVE": 99.34988179669031,
        "INACTIVE": 0.6736068585425597,
        "INVALID": 0,
        "MALICIOUS": 0,
        "SANE": 0,
        "VALID": 0,
        "total": 100.02348865523287
    }
}