{
    "counter": {
        "ACTIVE": 1887,
        "INACTIVE": 1,
        "INVALID": 0,
        "MALICIOUS": 0,
        "SANE": 0,
        "VALID": 0,
        "total": 1888
    },
    "percentage": {
        "ACTIVE": 99.94703389830508,
        "INACTIVE": 0.062421972534332085,
        "INVALID": 0,
        "MALICIOUS": 0,
        "SANE": 0,
        "VALID": 0,
        "total": 100.00945587083942
    }
}