{
    "counter": {
        "ACTIVE": 1651,
        "INACTIVE": 5,
        "INVALID": 0,
        "MALICIOUS": 0,
        "SANE": 0,
        "VALID": 0,
        "total": 1656
    },
    "percentage": {
        "ACTIVE": 99.69806763285024,
        "INACTIVE": 0.3834355828220859,
        "INVALID": 0,
        "MALICIOUS": 0,
        "SANE": 0,
        "VALID": 0,
        "total": 100.08150321567233
    }
}