{
    "counter": {
        "ACTIVE": 1288,
        "INACTIVE": 15,
        "INVALID": 0,
        "MALICIOUS": 0,
        "SANE": 0,
        "VALID": 0,
        "total": 1303
    },
    "percentage": {
        "ACTIVE": 98.84881043745203,
        "INACTIVE": 1.20870265914585,
        "INVALID": 0,
        "MALICIOUS": 0,
        "SANE": 0,
        "VALID": 0,
        "total": 100.05751309659789
    }
}