{
    "counter": {
        "ACTIVE": 1788,
        "INACTIVE": 3,
        "INVALID": 0,
        "MALICIOUS": 0,
        "SANE": 0,
        "VALID": 0,
        "total": 1791
    },
    "percentage": {
        "ACTIVE": 99.83249581239531,
        "INACTIVE": 0.3865979381443299,
        "INVALID": 0,
        "MALICIOUS": 0,
        "SANE": 0,
        "VALID": 0,
        "total": 100.21909375053964
    }
}