{
    "counter": {
        "ACTIVE": 1545,
        "INACTIVE": 22,
        "INVALID": 0,
        "MALICIOUS": 0,
        "SANE": 0,
        "VALID": 0,
        "total": 1567
    },
    "percentage": {
        "ACTIVE": 98.59604339502233,
        "INACTIVE": 1.4322916666666667,
        "INVALID": 0,
        "MALICIOUS": 0,
        "SANE": 0,
        "VALID": 0,
        "total": 100.028335061689
    }
}