{
    "counter": {
        "ACTIVE": 612,
        "INACTIVE": 2,
        "INVALID": 0,
        "MALICIOUS": 0,
        "SANE": 0,
        "VALID": 0,
        "total": 614
    },
    "percentage": {
        "ACTIVE": 99.6742671009772,
        "INACTIVE": 0.40899795501022496,
        "INVALID": 0,
        "MALICIOUS": 0,
        "SANE": 0,
        "VALID": 0,
        "total": 100.08326505598743
    }
}