{
    "counter": {
        "ACTIVE": 692,
        "INACTIVE": 3,
        "INVALID": 0,
        "MALICIOUS": 0,
        "SANE": 0,
        "VALID": 0,
        "total": 695
    },
    "percentage": {
        "ACTIVE": 99.56834532374101,
        "INACTIVE": 0.4769475357710652,
        "INVALID": 0,
        "MALICIOUS": 0,
        "SANE": 0,
        "VALID": 0,
        "total": 100.04529285951207
    }
}