{
    "counter": {
        "ACTIVE": 1437,
        "INACTIVE": 4,
        "INVALID": 0,
        "MALICIOUS": 0,
        "SANE": 0,
        "VALID": 0,
        "total": 1441
    },
    "percentage": {
        "ACTIVE": 99.72241498959056,
        "INACTIVE": 0.36900369003690037,
        "INVALID": 0,
        "MALICIOUS": 0,
        "SANE": 0,
        "VALID": 0,
        "total": 100.09141867962747
    }
}