{
    "counter": {
        "ACTIVE": 773,
        "INACTIVE": 2,
        "INVALID": 0,
        "MALICIOUS": 0,
        "SANE": 0,
        "VALID": 0,
        "total": 775
    },
    "percentage": {
        "ACTIVE": 99.74193548387096,
        "INACTIVE": 0.3508771929824561,
        "INVALID": 0,
        "MALICIOUS": 0,
        "SANE": 0,
        "VALID": 0,
        "total": 100.09281267685341
    }
}