{
    "counter": {
        "ACTIVE": 1789,
        "INACTIVE": 1,
        "INVALID": 0,
        "MALICIOUS": 0,
        "SANE": 0,
        "VALID": 0,
        "total": 1790
    },
    "percentage": {
        "ACTIVE": 99.94413407821229,
        "INACTIVE": 0.2717391304347826,
        "INVALID": 0,
        "MALICIOUS": 0,
        "SANE": 0,
        "VALID": 0,
        "total": 100.21587320864707
    }
}