{
    "counter": {
        "ACTIVE": 1255,
        "INACTIVE": 2,
        "INVALID": 0,
        "MALICIOUS": 0,
        "SANE": 0,
        "VALID": 0,
        "total": 1257
    },
    "percentage": {
        "ACTIVE": 99.84089101034209,
        "INACTIVE": 0.6172839506172839,
        "INVALID": 0,
        "MALICIOUS": 0,
        "SANE": 0,
        "VALID": 0,
        "total": 100.45817496095937
    }
}