{
    "counter": {
        "ACTIVE": 831,
        "INACTIVE": 3,
        "INVALID": 0,
        "MALICIOUS": 0,
        "SANE": 0,
        "VALID": 0,
        "total": 834
    },
    "percentage": {
        "ACTIVE": 99.64028776978417,
        "INACTIVE": 0.43859649122807015,
        "INVALID": 0,
        "MALICIOUS": 0,
        "SANE": 0,
        "VALID": 0,
        "total": 100.07888426101223
    }
}