{
    "counter": {
        "ACTIVE": 1506,
        "INACTIVE": 5,
        "INVALID": 0,
        "MALICIOUS": 0,
        "SANE": 0,
        "VALID": 0,
        "total": 1511
    },
    "percentage": {
        "ACTIVE": 99.66909331568498,
        "INACTIVE": 0.37907505686125853,
        "INVALID": 0,
        "MALICIOUS": 0,
        "SANE": 0,
        "VALID": 0,
        "total": 100.04816837254623
    }
}