{
    "counter": {
        "ACTIVE": 1796,
        "INACTIVE": 1,
        "INVALID": 0,
        "MALICIOUS": 0,
        "SANE": 0,
        "VALID": 0,
        "total": 1797
    },
    "percentage": {
        "ACTIVE": 99.94435169727323,
        "INACTIVE": 0.0594883997620464,
        "INVALID": 0,
        "MALICIOUS": 0,
        "SANE": 0,
        "VALID": 0,
        "total": 100.00384009703528
    }
}