{
    "counter": {
        "ACTIVE": 1631,
        "INACTIVE": 18,
        "INVALID": 0,
        "MALICIOUS": 0,
        "SANE": 0,
        "VALID": 0,
        "total": 1649
    },
    "percentage": {
        "ACTIVE": 98.96844660194175,
        "INACTIVE": 1.0915706488781078,
        "INVALID": 0,
        "MALICIOUS": 0,
        "SANE": 0,
        "VALID": 0,
        "total": 100.06001725081985
    }
}