{
    "counter": {
        "ACTIVE": 1412,
        "INACTIVE": 3,
        "INVALID": 0,
        "MALICIOUS": 0,
        "SANE": 0,
        "VALID": 0,
        "total": 1415
    },
    "percentage": {
        "ACTIVE": 99.78798586572438,
        "INACTIVE": 0.24671052631578946,
        "INVALID": 0,
        "MALICIOUS": 0,
        "SANE": 0,
        "VALID": 0,
        "total": 100.03469639204017
    }
}