{
    "counter": {
        "ACTIVE": 1820,
        "INACTIVE": 1,
        "INVALID": 0,
        "MALICIOUS": 0,
        "SANE": 0,
        "VALID": 0,
        "total": 1821
    },
    "percentage": {
        "ACTIVE": 99.945085118067,
        "INACTIVE": 0.1388888888888889,
        "INVALID": 0,
        "MALICIOUS": 0,
        "SANE": 0,
        "VALID": 0,
        "total": 100.08397400695588
    }
}