{
    "counter": {
        "ACTIVE": 1667,
        "INACTIVE": 5,
        "INVALID": 0,
        "MALICIOUS": 0,
        "SANE": 0,
        "VALID": 0,
        "total": 1672
    },
    "percentage": {
        "ACTIVE": 99.70095693779905,
        "INACTIVE": 0.3050640634533252,
        "INVALID": 0,
        "MALICIOUS": 0,
        "SANE": 0,
        "VALID": 0,
        "total": 100.00602100125238
    }
}