{
    "counter": {
        "ACTIVE": 1793,
        "INACTIVE": 9,
        "INVALID": 0,
        "MALICIOUS": 0,
        "SANE": 0,
        "VALID": 0,
        "total": 1802
    },
    "percentage": {
        "ACTIVE": 99.50055493895671,
        "INACTIVE": 0.5084745762711864,
        "INVALID": 0,
        "MALICIOUS": 0,
        "SANE": 0,
        "VALID": 0,
        "total": 100.0090295152279
    }
}