{
    "counter": {
        "ACTIVE": 1646,
        "INACTIVE": 2,
        "INVALID": 0,
        "MALICIOUS": 0,
        "SANE": 0,
        "VALID": 0,
        "total": 1648
    },
    "percentage": {
        "ACTIVE": 99.87864077669903,
        "INACTIVE": 0.129366106080207,
        "INVALID": 0,
        "MALICIOUS": 0,
        "SANE": 0,
        "VALID": 0,
        "total": 100.00800688277924
    }
}