{
    "counter": {
        "ACTIVE": 1800,
        "INACTIVE": 1,
        "INVALID": 0,
        "MALICIOUS": 0,
        "SANE": 0,
        "VALID": 0,
        "total": 1801
    },
    "percentage": {
        "ACTIVE": 99.94447529150472,
        "INACTIVE": 0.591715976331361,
        "INVALID": 0,
        "MALICIOUS": 0,
        "SANE": 0,
        "VALID": 0,
        "total": 100.53619126783607
    }
}