{
    "counter": {
        "ACTIVE": 1296,
        "INACTIVE": 2,
        "INVALID": 0,
        "MALICIOUS": 0,
        "SANE": 0,
        "VALID": 0,
        "total": 1298
    },
    "percentage": {
        "ACTIVE": 99.84591679506934,
        "INACTIVE": 0.24096385542168675,
        "INVALID": 0,
        "MALICIOUS": 0,
        "SANE": 0,
        "VALID": 0,
        "total": 100.08688065049103
    }
}