{
    "counter": {
        "ACTIVE": 907,
        "INACTIVE": 5,
        "INVALID": 0,
        "MALICIOUS": 0,
        "SANE": 0,
        "VALID": 0,
        "total": 912
    },
    "percentage": {
        "ACTIVE": 99.45175438596492,
        "INACTIVE": 0.5543237250554324,
        "INVALID": 0,
        "MALICIOUS": 0,
        "SANE": 0,
        "VALID": 0,
        "total": 100.00607811102034
    }
}