{
    "counter": {
        "ACTIVE": 1726,
        "INACTIVE": 32,
        "INVALID": 0,
        "MALICIOUS": 0,
        "SANE": 0,
        "VALID": 0,
        "total": 1758
    },
    "percentage": {
        "ACTIVE": 98.1797497155859,
        "INACTIVE": 1.8615474112856312,
        "INVALID": 0,
        "MALICIOUS": 0,
        "SANE": 0,
        "VALID": 0,
        "total": 100.04129712687153
    }
}