{
    "counter": {
        "ACTIVE": 1333,
        "INACTIVE": 22,
        "INVALID": 0,
        "MALICIOUS": 0,
        "SANE": 0,
        "VALID": 0,
        "total": 1355
    },
    "percentage": {
        "ACTIVE": 98.37638376383764,
        "INACTIVE": 1.7350157728706626,
        "INVALID": 0,
        "MALICIOUS": 0,
        "SANE": 0,
        "VALID": 0,
        "total": 100.1113995367083
    }
}