{
    "counter": {
        "ACTIVE": 1696,
        "INACTIVE": 10,
        "INVALID": 0,
        "MALICIOUS": 0,
        "SANE": 0,
        "VALID": 0,
        "total": 1706
    },
    "percentage": {
        "ACTIVE": 99.41383352872215,
        "INACTIVE": 0.6127450980392157,
        "INVALID": 0,
        "MALICIOUS": 0,
        "SANE": 0,
        "VALID": 0,
        "total": 100.02657862676136
    }
}