{
    "counter": {
        "ACTIVE": 1478,
        "INACTIVE": 28,
        "INVALID": 0,
        "MALICIOUS": 0,
        "SANE": 0,
        "VALID": 0,
        "total": 1506
    },
    "percentage": {
        "ACTIVE": 98.14077025232403,
        "INACTIVE": 1.8654230512991339,
        "INVALID": 0,
        "MALICIOUS": 0,
        "SANE": 0,
        "VALID": 0,
        "total": 100.00619330362316
    }
}