{
    "counter": {
        "ACTIVE": 1199,
        "INACTIVE": 2,
        "INVALID": 0,
        "MALICIOUS": 0,
        "SANE": 0,
        "VALID": 0,
        "total": 1201
    },
    "percentage": {
        "ACTIVE": 99.83347210657786,
        "INACTIVE": 0.23201856148491878,
        "INVALID": 0,
        "MALICIOUS": 0,
        "SANE": 0,
        "VALID": 0,
        "total": 100.06549066806278
    }
}