{
    "counter": {
        "ACTIVE": 1300,
        "INACTIVE": 2,
        "INVALID": 0,
        "MALICIOUS": 0,
        "SANE": 0,
        "VALID": 0,
        "total": 1302
    },
    "percentage": {
        "ACTIVE": 99.84639016897081,
        "INACTIVE": 0.2534854245880862,
        "INVALID": 0,
        "MALICIOUS": 0,
        "SANE": 0,
        "VALID": 0,
        "total": 100.0998755935589
    }
}