{
    "counter": {
        "ACTIVE": 810,
        "INACTIVE": 2,
        "INVALID": 0,
        "MALICIOUS": 0,
        "SANE": 0,
        "VALID": 0,
        "total": 812
    },
    "percentage": {
        "ACTIVE": 99.75369458128078,
        "INACTIVE": 0.3110419906687403,
        "INVALID": 0,
        "MALICIOUS": 0,
        "SANE": 0,
        "VALID": 0,
        "total": 100.06473657194952
    }
}