{
    "counter": {
        "ACTIVE": 1907,
        "INACTIVE": 1,
        "INVALID": 0,
        "MALICIOUS": 0,
        "SANE": 0,
        "VALID": 0,
        "total": 1908
    },
    "percentage": {
        "ACTIVE": 99.94758909853249,
        "INACTIVE": 0.05425935973955507,
        "INVALID": 0,
        "MALICIOUS": 0,
        "SANE": 0,
        "VALID": 0,
        "total": 100.00184845827205
    }
}