{
    "counter": {
        "ACTIVE": 196,
        "INACTIVE": 2,
        "INVALID": 0,
        "MALICIOUS": 0,
        "SANE": 0,
        "VALID": 0,
        "total": 198
    },
    "percentage": {
        "ACTIVE": 98.98989898989899,
        "INACTIVE": 1.1560693641618498,
        "INVALID": 0,
        "MALICIOUS": 0,
        "SANE": 0,
        "VALID": 0,
        "total": 100.14596835406084
    }
}