{
    "counter": {
        "ACTIVE": 1738,
        "INACTIVE": 2,
        "INVALID": 0,
        "MALICIOUS": 0,
        "SANE": 0,
        "VALID": 0,
        "total": 1740
    },
    "percentage": {
        "ACTIVE": 99.88505747126437,
        "INACTIVE": 0.2828854314002829,
        "INVALID": 0,
        "MALICIOUS": 0,
        "SANE": 0,
        "VALID": 0,
        "total": 100.16794290266466
    }
}