{
    "counter": {
        "ACTIVE": 838,
        "INACTIVE": 2,
        "INVALID": 0,
        "MALICIOUS": 0,
        "SANE": 0,
        "VALID": 0,
        "total": 840
    },
    "percentage": {
        "ACTIVE": 99.76190476190476,
        "INACTIVE": 0.31007751937984496,
        "INVALID": 0,
        "MALICIOUS": 0,
        "SANE": 0,
        "VALID": 0,
        "total": 100.0719822812846
    }
}