{
    "counter": {
        "ACTIVE": 387,
        "INACTIVE": 1,
        "INVALID": 0,
        "MALICIOUS": 0,
        "SANE": 0,
        "VALID": 0,
        "total": 388
    },
    "percentage": {
        "ACTIVE": 99.74226804123711,
        "INACTIVE": 0.7246376811594203,
        "INVALID": 0,
        "MALICIOUS": 0,
        "SANE": 0,
        "VALID": 0,
        "total": 100.46690572239653
    }
}