{
    "counter": {
        "ACTIVE": 1317,
        "INACTIVE": 4,
        "INVALID": 0,
        "MALICIOUS": 0,
        "SANE": 0,
        "VALID": 0,
        "total": 1321
    },
    "percentage": {
        "ACTIVE": 99.69719909159727,
        "INACTIVE": 0.4136504653567735,
        "INVALID": 0,
        "MALICIOUS": 0,
        "SANE": 0,
        "VALID": 0,
        "total": 100.11084955695404
    }
}