{
    "counter": {
        "ACTIVE": 1707,
        "INACTIVE": 1,
        "INVALID": 0,
        "MALICIOUS": 0,
        "SANE": 0,
        "VALID": 0,
        "total": 1708
    },
    "percentage": {
        "ACTIVE": 99.94145199063232,
        "INACTIVE": 0.15432098765432098,
        "INVALID": 0,
        "MALICIOUS": 0,
        "SANE": 0,
        "VALID": 0,
        "total": 100.09577297828663
    }
}