{
    "counter": {
        "ACTIVE": 1283,
        "INACTIVE": 4,
        "INVALID": 0,
        "MALICIOUS": 0,
        "SANE": 0,
        "VALID": 0,
        "total": 1287
    },
    "percentage": {
        "ACTIVE": 99.68919968919968,
        "INACTIVE": 0.3228410008071025,
        "INVALID": 0,
        "MALICIOUS": 0,
        "SANE": 0,
        "VALID": 0,
        "total": 100.01204069000678
    }
}