{
    "counter": {
        "ACTIVE": 1435,
        "INACTIVE": 3,
        "INVALID": 0,
        "MALICIOUS": 0,
        "SANE": 0,
        "VALID": 0,
        "total": 1438
    },
    "percentage": {
        "ACTIVE": 99.7913769123783,
        "INACTIVE": 3.8461538461538463,
        "INVALID": 0,
        "MALICIOUS": 0,
        "SANE": 0,
        "VALID": 0,
        "total": 103.63753075853214
    }
}