{
    "counter": {
        "ACTIVE": 1370,
        "INACTIVE": 14,
        "INVALID": 0,
        "MALICIOUS": 0,
        "SANE": 0,
        "VALID": 0,
        "total": 1384
    },
    "percentage": {
        "ACTIVE": 99.06001446131597,
        "INACTIVE": 1.0115606936416186,
        "INVALID": 0,
        "MALICIOUS": 0,
        "SANE": 0,
        "VALID": 0,
        "total": 100.07157515495759
    }
}