{
    "counter": {
        "ACTIVE": 1699,
        "INACTIVE": 3,
        "INVALID": 0,
        "MALICIOUS": 0,
        "SANE": 0,
        "VALID": 0,
        "total": 1702
    },
    "percentage": {
        "ACTIVE": 99.82373678025851,
        "INACTIVE": 0.29673590504451036,
        "INVALID": 0,
        "MALICIOUS": 0,
        "SANE": 0,
        "VALID": 0,
        "total": 100.12047268530303
    }
}