{
    "counter": {
        "ACTIVE": 575,
        "INACTIVE": 6,
        "INVALID": 0,
        "MALICIOUS": 0,
        "SANE": 0,
        "VALID": 0,
        "total": 581
    },
    "percentage": {
        "ACTIVE": 98.96729776247848,
        "INACTIVE": 1.1764705882352942,
        "INVALID": 0,
        "MALICIOUS": 0,
        "SANE": 0,
        "VALID": 0,
        "total": 100.14376835071377
    }
}