{
    "counter": {
        "ACTIVE": 1755,
        "INACTIVE": 2,
        "INVALID": 0,
        "MALICIOUS": 0,
        "SANE": 0,
        "VALID": 0,
        "total": 1757
    },
    "percentage": {
        "ACTIVE": 99.88616960728514,
        "INACTIVE": 0.12755102040816327,
        "INVALID": 0,
        "MALICIOUS": 0,
        "SANE": 0,
        "VALID": 0,
        "total": 100.0137206276933
    }
}