{
    "counter": {
        "ACTIVE": 1406,
        "INACTIVE": 20,
        "INVALID": 0,
        "MALICIOUS": 0,
        "SANE": 0,
        "VALID": 0,
        "total": 1426
    },
    "percentage": {
        "ACTIVE": 98.59747545582047,
        "INACTIVE": 1.7793594306049823,
        "INVALID": 0,
        "MALICIOUS": 0,
        "SANE": 0,
        "VALID": 0,
        "total": 100.37683488642546
    }
}