{
    "counter": {
        "ACTIVE": 1720,
        "INACTIVE": 4,
        "INVALID": 0,
        "MALICIOUS": 0,
        "SANE": 0,
        "VALID": 0,
        "total": 1724
    },
    "percentage": {
        "ACTIVE": 99.76798143851508,
        "INACTIVE": 0.42643923240938164,
        "INVALID": 0,
        "MALICIOUS": 0,
        "SANE": 0,
        "VALID": 0,
        "total": 100.19442067092446
    }
}