{
    "counter": {
        "ACTIVE": 584,
        "INACTIVE": 2,
        "INVALID": 0,
        "MALICIOUS": 0,
        "SANE": 0,
        "VALID": 0,
        "total": 586
    },
    "percentage": {
        "ACTIVE": 99.65870307167235,
        "INACTIVE": 0.5128205128205128,
        "INVALID": 0,
        "MALICIOUS": 0,
        "SANE": 0,
        "VALID": 0,
        "total": 100.17152358449286
    }
}