{
    "counter": {
        "ACTIVE": 1344,
        "INACTIVE": 3,
        "INVALID": 0,
        "MALICIOUS": 0,
        "SANE": 0,
        "VALID": 0,
        "total": 1347
    },
    "percentage": {
        "ACTIVE": 99.77728285077951,
        "INACTIVE": 0.3865979381443299,
        "INVALID": 0,
        "MALICIOUS": 0,
        "SANE": 0,
        "VALID": 0,
        "total": 100.16388078892385
    }
}