{
    "counter": {
        "ACTIVE": 1832,
        "INACTIVE": 38,
        "INVALID": 0,
        "MALICIOUS": 0,
        "SANE": 0,
        "VALID": 0,
        "total": 1870
    },
    "percentage": {
        "ACTIVE": 97.96791443850267,
        "INACTIVE": 2.0419129500268673,
        "INVALID": 0,
        "MALICIOUS": 0,
        "SANE": 0,
        "VALID": 0,
        "total": 100.00982738852954
    }
}