{
    "counter": {
        "ACTIVE": 812,
        "INACTIVE": 1,
        "INVALID": 0,
        "MALICIOUS": 0,
        "SANE": 0,
        "VALID": 0,
        "total": 813
    },
    "percentage": {
        "ACTIVE": 99.8769987699877,
        "INACTIVE": 0.1349527665317139,
        "INVALID": 0,
        "MALICIOUS": 0,
        "SANE": 0,
        "VALID": 0,
        "total": 100.0119515365194
    }
}