{
    "counter": {
        "ACTIVE": 1872,
        "INACTIVE": 1,
        "INVALID": 0,
        "MALICIOUS": 0,
        "SANE": 0,
        "VALID": 0,
        "total": 1873
    },
    "percentage": {
        "ACTIVE": 99.9466097170315,
        "INACTIVE": 0.05425935973955507,
        "INVALID": 0,
        "MALICIOUS": 0,
        "SANE": 0,
        "VALID": 0,
        "total": 100.00086907677107
    }
}