{
    "counter": {
        "ACTIVE": 449,
        "INACTIVE": 1,
        "INVALID": 0,
        "MALICIOUS": 0,
        "SANE": 0,
        "VALID": 0,
        "total": 450
    },
    "percentage": {
        "ACTIVE": 99.77777777777777,
        "INACTIVE": 0.37174721189591076,
        "INVALID": 0,
        "MALICIOUS": 0,
        "SANE": 0,
        "VALID": 0,
        "total": 100.14952498967368
    }
}