{
    "counter": {
        "ACTIVE": 1315,
        "INACTIVE": 19,
        "INVALID": 0,
        "MALICIOUS": 0,
        "SANE": 0,
        "VALID": 0,
        "total": 1334
    },
    "percentage": {
        "ACTIVE": 98.57571214392803,
        "INACTIVE": 1.7257039055404177,
        "INVALID": 0,
        "MALICIOUS": 0,
        "SANE": 0,
        "VALID": 0,
        "total": 100.30141604946844
    }
}