{
    "counter": {
        "ACTIVE": 451,
        "INACTIVE": 1,
        "INVALID": 0,
        "MALICIOUS": 0,
        "SANE": 0,
        "VALID": 0,
        "total": 452
    },
    "percentage": {
        "ACTIVE": 99.77876106194691,
        "INACTIVE": 0.2717391304347826,
        "INVALID": 0,
        "MALICIOUS": 0,
        "SANE": 0,
        "VALID": 0,
        "total": 100.05050019238169
    }
}