{
    "counter": {
        "ACTIVE": 1276,
        "INACTIVE": 5,
        "INVALID": 0,
        "MALICIOUS": 0,
        "SANE": 0,
        "VALID": 0,
        "total": 1281
    },
    "percentage": {
        "ACTIVE": 99.60967993754879,
        "INACTIVE": 0.5382131324004306,
        "INVALID": 0,
        "MALICIOUS": 0,
        "SANE": 0,
        "VALID": 0,
        "total": 100.14789306994922
    }
}