{
    "counter": {
        "ACTIVE": 1797,
        "INACTIVE": 1,
        "INVALID": 0,
        "MALICIOUS": 0,
        "SANE": 0,
        "VALID": 0,
        "total": 1798
    },
    "percentage": {
        "ACTIVE": 99.94438264738598,
        "INACTIVE": 0.12853470437017994,
        "INVALID": 0,
        "MALICIOUS": 0,
        "SANE": 0,
        "VALID": 0,
        "total": 100.07291735175616
    }
}