{
    "counter": {
        "ACTIVE": 1834,
        "INACTIVE": 32,
        "INVALID": 0,
        "MALICIOUS": 0,
        "SANE": 0,
        "VALID": 0,
        "total": 1866
    },
    "percentage": {
        "ACTIVE": 98.28510182207931,
        "INACTIVE": 1.8068887634105026,
        "INVALID": 0,
        "MALICIOUS": 0,
        "SANE": 0,
        "VALID": 0,
        "total": 100.09199058548981
    }
}