{
    "counter": {
        "ACTIVE": 335,
        "INACTIVE": 2,
        "INVALID": 0,
        "MALICIOUS": 0,
        "SANE": 0,
        "VALID": 0,
        "total": 337
    },
    "percentage": {
        "ACTIVE": 99.40652818991099,
        "INACTIVE": 0.9433962264150944,
        "INVALID": 0,
        "MALICIOUS": 0,
        "SANE": 0,
        "VALID": 0,
        "total": 100.34992441632608
    }
}