{
    "counter": {
        "ACTIVE": 1753,
        "INACTIVE": 3,
        "INVALID": 0,
        "MALICIOUS": 0,
        "SANE": 0,
        "VALID": 0,
        "total": 1756
    },
    "percentage": {
        "ACTIVE": 99.82915717539863,
        "INACTIVE": 0.29673590504451036,
        "INVALID": 0,
        "MALICIOUS": 0,
        "SANE": 0,
        "VALID": 0,
        "total": 100.12589308044315
    }
}