{
    "counter": {
        "ACTIVE": 970,
        "INACTIVE": 2,
        "INVALID": 0,
        "MALICIOUS": 0,
        "SANE": 0,
        "VALID": 0,
        "total": 972
    },
    "percentage": {
        "ACTIVE": 99.79423868312757,
        "INACTIVE": 0.2828854314002829,
        "INVALID": 0,
        "MALICIOUS": 0,
        "SANE": 0,
        "VALID": 0,
        "total": 100.07712411452786
    }
}