{
    "counter": {
        "ACTIVE": 832,
        "INACTIVE": 1,
        "INVALID": 0,
        "MALICIOUS": 0,
        "SANE": 0,
        "VALID": 0,
        "total": 833
    },
    "percentage": {
        "ACTIVE": 99.87995198079231,
        "INACTIVE": 0.6666666666666666,
        "INVALID": 0,
        "MALICIOUS": 0,
        "SANE": 0,
        "VALID": 0,
        "total": 100.54661864745898
    }
}