{
    "counter": {
        "ACTIVE": 1056,
        "INACTIVE": 3,
        "INVALID": 0,
        "MALICIOUS": 0,
        "SANE": 0,
        "VALID": 0,
        "total": 1059
    },
    "percentage": {
        "ACTIVE": 99.71671388101983,
        "INACTIVE": 0.7712082262210797,
        "INVALID": 0,
        "MALICIOUS": 0,
        "SANE": 0,
        "VALID": 0,
        "total": 100.4879221072409
    }
}