{
    "counter": {
        "ACTIVE": 1435,
        "INACTIVE": 1,
        "INVALID": 0,
        "MALICIOUS": 0,
        "SANE": 0,
        "VALID": 0,
        "total": 1436
    },
    "percentage": {
        "ACTIVE": 99.93036211699165,
        "INACTIVE": 0.07818608287724785,
        "INVALID": 0,
        "MALICIOUS": 0,
        "SANE": 0,
        "VALID": 0,
        "total": 100.0085481998689
    }
}