{
    "counter": {
        "ACTIVE": 911,
        "INACTIVE": 5,
        "INVALID": 0,
        "MALICIOUS": 0,
        "SANE": 0,
        "VALID": 0,
        "total": 916
    },
    "percentage": {
        "ACTIVE": 99.45414847161572,
        "INACTIVE": 0.6067961165048543,
        "INVALID": 0,
        "MALICIOUS": 0,
        "SANE": 0,
        "VALID": 0,
        "total": 100.06094458812058
    }
}