{
    "counter": {
        "ACTIVE": 1809,
        "INACTIVE": 2,
        "INVALID": 0,
        "MALICIOUS": 0,
        "SANE": 0,
        "VALID": 0,
        "total": 1811
    },
    "percentage": {
        "ACTIVE": 99.88956377691883,
        "INACTIVE": 0.11055831951354339,
        "INVALID": 0,
        "MALICIOUS": 0,
        "SANE": 0,
        "VALID": 0,
        "total": 100.00012209643238
    }
}