{
    "counter": {
        "ACTIVE": 1769,
        "INACTIVE": 5,
        "INVALID": 0,
        "MALICIOUS": 0,
        "SANE": 0,
        "VALID": 0,
        "total": 1774
    },
    "percentage": {
        "ACTIVE": 99.71815107102593,
        "INACTIVE": 0.29359953024075164,
        "INVALID": 0,
        "MALICIOUS": 0,
        "SANE": 0,
        "VALID": 0,
        "total": 100.01175060126668
    }
}