{
    "counter": {
        "ACTIVE": 1064,
        "INACTIVE": 2,
        "INVALID": 0,
        "MALICIOUS": 0,
        "SANE": 0,
        "VALID": 0,
        "total": 1066
    },
    "percentage": {
        "ACTIVE": 99.81238273921201,
        "INACTIVE": 0.21299254526091588,
        "INVALID": 0,
        "MALICIOUS": 0,
        "SANE": 0,
        "VALID": 0,
        "total": 100.02537528447293
    }
}