{
    "counter": {
        "ACTIVE": 528,
        "INACTIVE": 1,
        "INVALID": 0,
        "MALICIOUS": 0,
        "SANE": 0,
        "VALID": 0,
        "total": 529
    },
    "percentage": {
        "ACTIVE": 99.8109640831758,
        "INACTIVE": 6.666666666666667,
        "INVALID": 0,
        "MALICIOUS": 0,
        "SANE": 0,
        "VALID": 0,
        "total": 106.47763074984248
    }
}