{
    "counter": {
        "ACTIVE": 647,
        "INACTIVE": 2,
        "INVALID": 0,
        "MALICIOUS": 0,
        "SANE": 0,
        "VALID": 0,
        "total": 649
    },
    "percentage": {
        "ACTIVE": 99.69183359013867,
        "INACTIVE": 0.6172839506172839,
        "INVALID": 0,
        "MALICIOUS": 0,
        "SANE": 0,
        "VALID": 0,
        "total": 100.30911754075595
    }
}