{
    "counter": {
        "ACTIVE": 1643,
        "INACTIVE": 1,
        "INVALID": 0,
        "MALICIOUS": 0,
        "SANE": 0,
        "VALID": 0,
        "total": 1644
    },
    "percentage": {
        "ACTIVE": 99.93917274939173,
        "INACTIVE": 0.11614401858304298,
        "INVALID": 0,
        "MALICIOUS": 0,
        "SANE": 0,
        "VALID": 0,
        "total": 100.05531676797477
    }
}