{
    "counter": {
        "ACTIVE": 1394,
        "INACTIVE": 16,
        "INVALID": 0,
        "MALICIOUS": 0,
        "SANE": 0,
        "VALID": 0,
        "total": 1410
    },
    "percentage": {
        "ACTIVE": 98.93541518807665,
        "INACTIVE": 1.1347517730496455,
        "INVALID": 0,
        "MALICIOUS": 0,
        "SANE": 0,
        "VALID": 0,
        "total": 100.07016696112629
    }
}