{
    "counter": {
        "ACTIVE": 1541,
        "INACTIVE": 2,
        "INVALID": 0,
        "MALICIOUS": 0,
        "SANE": 0,
        "VALID": 0,
        "total": 1543
    },
    "percentage": {
        "ACTIVE": 99.8703823720026,
        "INACTIVE": 0.2442002442002442,
        "INVALID": 0,
        "MALICIOUS": 0,
        "SANE": 0,
        "VALID": 0,
        "total": 100.11458261620284
    }
}