{
    "counter": {
        "ACTIVE": 969,
        "INACTIVE": 9,
        "INVALID": 0,
        "MALICIOUS": 0,
        "SANE": 0,
        "VALID": 0,
        "total": 978
    },
    "percentage": {
        "ACTIVE": 99.079754601227,
        "INACTIVE": 0.9307135470527405,
        "INVALID": 0,
        "MALICIOUS": 0,
        "SANE": 0,
        "VALID": 0,
        "total": 100.01046814827974
    }
}