{
    "counter": {
        "ACTIVE": 1789,
        "INACTIVE": 28,
        "INVALID": 0,
        "MALICIOUS": 0,
        "SANE": 0,
        "VALID": 0,
        "total": 1817
    },
    "percentage": {
        "ACTIVE": 98.4589983489268,
        "INACTIVE": 1.550387596899225,
        "INVALID": 0,
        "MALICIOUS": 0,
        "SANE": 0,
        "VALID": 0,
        "total": 100.00938594582603
    }
}