{
    "counter": {
        "ACTIVE": 1433,
        "INACTIVE": 38,
        "INVALID": 0,
        "MALICIOUS": 0,
        "SANE": 0,
        "VALID": 0,
        "total": 1471
    },
    "percentage": {
        "ACTIVE": 97.41672331747111,
        "INACTIVE": 2.640722724113968,
        "INVALID": 0,
        "MALICIOUS": 0,
        "SANE": 0,
        "VALID": 0,
        "total": 100.05744604158508
    }
}