{
    "counter": {
        "ACTIVE": 1571,
        "INACTIVE": 31,
        "INVALID": 0,
        "MALICIOUS": 0,
        "SANE": 0,
        "VALID": 0,
        "total": 1602
    },
    "percentage": {
        "ACTIVE": 98.1261711430356,
        "INACTIVE": 1.9350811485642947,
        "INVALID": 0,
        "MALICIOUS": 0,
        "SANE": 0,
        "VALID": 0,
        "total": 100.0612522915999
    }
}