{
    "counter": {
        "ACTIVE": 1828,
        "INACTIVE": 1,
        "INVALID": 0,
        "MALICIOUS": 0,
        "SANE": 0,
        "VALID": 0,
        "total": 1829
    },
    "percentage": {
        "ACTIVE": 99.94532531437945,
        "INACTIVE": 0.06535947712418301,
        "INVALID": 0,
        "MALICIOUS": 0,
        "SANE": 0,
        "VALID": 0,
        "total": 100.01068479150364
    }
}