{
    "counter": {
        "ACTIVE": 1207,
        "INACTIVE": 3,
        "INVALID": 0,
        "MALICIOUS": 0,
        "SANE": 0,
        "VALID": 0,
        "total": 1210
    },
    "percentage": {
        "ACTIVE": 99.75206611570248,
        "INACTIVE": 0.34324942791762014,
        "INVALID": 0,
        "MALICIOUS": 0,
        "SANE": 0,
        "VALID": 0,
        "total": 100.0953155436201
    }
}