{
    "counter": {
        "ACTIVE": 1784,
        "INACTIVE": 1,
        "INVALID": 0,
        "MALICIOUS": 0,
        "SANE": 0,
        "VALID": 0,
        "total": 1785
    },
    "percentage": {
        "ACTIVE": 99.94397759103641,
        "INACTIVE": 0.056022408963585436,
        "INVALID": 0.0,
        "MALICIOUS": 0.0,
        "SANE": 0.0,
        "VALID": 0.0,
        "total": 100.0
    }
}