{
    "counter": {
        "ACTIVE": 871,
        "INACTIVE": 1,
        "INVALID": 0,
        "MALICIOUS": 0,
        "SANE": 0,
        "VALID": 0,
        "total": 872
    },
    "percentage": {
        "ACTIVE": 99.88532110091744,
        "INACTIVE": 0.15479876160990713,
        "INVALID": 0,
        "MALICIOUS": 0,
        "SANE": 0,
        "VALID": 0,
        "total": 100.04011986252735
    }
}