{
    "counter": {
        "ACTIVE": 415,
        "INACTIVE": 2,
        "INVALID": 0,
        "MALICIOUS": 0,
        "SANE": 0,
        "VALID": 0,
        "total": 417
    },
    "percentage": {
        "ACTIVE": 99.52038369304556,
        "INACTIVE": 0.5154639175257731,
        "INVALID": 0,
        "MALICIOUS": 0,
        "SANE": 0,
        "VALID": 0,
        "total": 100.03584761057134
    }
}