{
    "counter": {
        "ACTIVE": 1756,
        "INACTIVE": 25,
        "INVALID": 0,
        "MALICIOUS": 0,
        "SANE": 0,
        "VALID": 0,
        "total": 1781
    },
    "percentage": {
        "ACTIVE": 98.59629421673218,
        "INACTIVE": 1.9201228878648233,
        "INVALID": 0,
        "MALICIOUS": 0,
        "SANE": 0,
        "VALID": 0,
        "total": 100.516417104597
    }
}