{
    "counter": {
        "ACTIVE": 1800,
        "INACTIVE": 2,
        "INVALID": 0,
        "MALICIOUS": 0,
        "SANE": 0,
        "VALID": 0,
        "total": 1802
    },
    "percentage": {
        "ACTIVE": 99.88901220865705,
        "INACTIVE": 0.13149243918474687,
        "INVALID": 0,
        "MALICIOUS": 0,
        "SANE": 0,
        "VALID": 0,
        "total": 100.02050464784179
    }
}