{
    "counter": {
        "ACTIVE": 1069,
        "INACTIVE": 1,
        "INVALID": 0,
        "MALICIOUS": 0,
        "SANE": 0,
        "VALID": 0,
        "total": 1070
    },
    "percentage": {
        "ACTIVE": 99.90654205607477,
        "INACTIVE": 0.15479876160990713,
        "INVALID": 0,
        "MALICIOUS": 0,
        "SANE": 0,
        "VALID": 0,
        "total": 100.06134081768468
    }
}