{
    "counter": {
        "ACTIVE": 1084,
        "INACTIVE": 2,
        "INVALID": 0,
        "MALICIOUS": 0,
        "SANE": 0,
        "VALID": 0,
        "total": 1086
    },
    "percentage": {
        "ACTIVE": 99.8158379373849,
        "INACTIVE": 0.22271714922049,
        "INVALID": 0,
        "MALICIOUS": 0,
        "SANE": 0,
        "VALID": 0,
        "total": 100.03855508660538
    }
}