{
    "counter": {
        "ACTIVE": 1158,
        "INACTIVE": 5,
        "INVALID": 0,
        "MALICIOUS": 0,
        "SANE": 0,
        "VALID": 0,
        "total": 1163
    },
    "percentage": {
        "ACTIVE": 99.57007738607051,
        "INACTIVE": 0.5175983436853002,
        "INVALID": 0,
        "MALICIOUS": 0,
        "SANE": 0,
        "VALID": 0,
        "total": 100.0876757297558
    }
}