{
    "counter": {
        "ACTIVE": 1745,
        "INACTIVE": 1,
        "INVALID": 0,
        "MALICIOUS": 0,
        "SANE": 0,
        "VALID": 0,
        "total": 1746
    },
    "percentage": {
        "ACTIVE": 99.94272623138602,
        "INACTIVE": 0.0632111251580278,
        "INVALID": 0,
        "MALICIOUS": 0,
        "SANE": 0,
        "VALID": 0,
        "total": 100.00593735654405
    }
}