{
    "counter": {
        "ACTIVE": 1628,
        "INACTIVE": 1,
        "INVALID": 0,
        "MALICIOUS": 0,
        "SANE": 0,
        "VALID": 0,
        "total": 1629
    },
    "percentage": {
        "ACTIVE": 99.93861264579496,
        "INACTIVE": 0.061387354205033766,
        "INVALID": 0.0,
        "MALICIOUS": 0.0,
        "SANE": 0.0,
        "VALID": 0.0,
        "total": 100.0
    }
}