{
    "counter": {
        "ACTIVE": 1326,
        "INACTIVE": 3,
        "INVALID": 0,
        "MALICIOUS": 0,
        "SANE": 0,
        "VALID": 0,
        "total": 1329
    },
    "percentage": {
        "ACTIVE": 99.77426636568849,
        "INACTIVE": 0.3472222222222222,
        "INVALID": 0,
        "MALICIOUS": 0,
        "SANE": 0,
        "VALID": 0,
        "total": 100.12148858791072
    }
}