{
    "counter": {
        "ACTIVE": 1706,
        "INACTIVE": 2,
        "INVALID": 0,
        "MALICIOUS": 0,
        "SANE": 0,
        "VALID": 0,
        "total": 1708
    },
    "percentage": {
        "ACTIVE": 99.88290398126463,
        "INACTIVE": 0.13440860215053763,
        "INVALID": 0,
        "MALICIOUS": 0,
        "SANE": 0,
        "VALID": 0,
        "total": 100.01731258341518
    }
}