{
    "counter": {
        "ACTIVE": 1640,
        "INACTIVE": 1,
        "INVALID": 0,
        "MALICIOUS": 0,
        "SANE": 0,
        "VALID": 0,
        "total": 1641
    },
    "percentage": {
        "ACTIVE": 99.93906154783669,
        "INACTIVE": 0.066006600660066,
        "INVALID": 0,
        "MALICIOUS": 0,
        "SANE": 0,
        "VALID": 0,
        "total": 100.00506814849675
    }
}