{
    "counter": {
        "ACTIVE": 1718,
        "INACTIVE": 1,
        "INVALID": 0,
        "MALICIOUS": 0,
        "SANE": 0,
        "VALID": 0,
        "total": 1719
    },
    "percentage": {
        "ACTIVE": 99.94182664339732,
        "INACTIVE": 0.058173356602675974,
        "INVALID": 0.0,
        "MALICIOUS": 0.0,
        "SANE": 0.0,
        "VALID": 0.0,
        "total": 100.0
    }
}