{
    "counter": {
        "ACTIVE": 1497,
        "INACTIVE": 9,
        "INVALID": 0,
        "MALICIOUS": 0,
        "SANE": 0,
        "VALID": 0,
        "total": 1506
    },
    "percentage": {
        "ACTIVE": 99.40239043824701,
        "INACTIVE": 0.6151742993848257,
        "INVALID": 0,
        "MALICIOUS": 0,
        "SANE": 0,
        "VALID": 0,
        "total": 100.01756473763183
    }
}