{
    "counter": {
        "ACTIVE": 1783,
        "INACTIVE": 15,
        "INVALID": 0,
        "MALICIOUS": 0,
        "SANE": 0,
        "VALID": 0,
        "total": 1798
    },
    "percentage": {
        "ACTIVE": 99.16573971078977,
        "INACTIVE": 1.271186440677966,
        "INVALID": 0,
        "MALICIOUS": 0,
        "SANE": 0,
        "VALID": 0,
        "total": 100.43692615146773
    }
}