{
    "counter": {
        "ACTIVE": 570,
        "INACTIVE": 5,
        "INVALID": 0,
        "MALICIOUS": 0,
        "SANE": 0,
        "VALID": 0,
        "total": 575
    },
    "percentage": {
        "ACTIVE": 99.1304347826087,
        "INACTIVE": 1.1574074074074074,
        "INVALID": 0,
        "MALICIOUS": 0,
        "SANE": 0,
        "VALID": 0,
        "total": 100.28784219001611
    }
}