{
    "counter": {
        "ACTIVE": 1213,
        "INACTIVE": 19,
        "INVALID": 0,
        "MALICIOUS": 0,
        "SANE": 0,
        "VALID": 0,
        "total": 1232
    },
    "percentage": {
        "ACTIVE": 98.45779220779221,
        "INACTIVE": 1.5434606011372867,
        "INVALID": 0,
        "MALICIOUS": 0,
        "SANE": 0,
        "VALID": 0,
        "total": 100.0012528089295
    }
}