{
    "counter": {
        "ACTIVE": 1390,
        "INACTIVE": 7,
        "INVALID": 0,
        "MALICIOUS": 0,
        "SANE": 0,
        "VALID": 0,
        "total": 1397
    },
    "percentage": {
        "ACTIVE": 99.49892627057982,
        "INACTIVE": 0.6566604127579737,
        "INVALID": 0,
        "MALICIOUS": 0,
        "SANE": 0,
        "VALID": 0,
        "total": 100.15558668333779
    }
}