{
    "counter": {
        "ACTIVE": 1698,
        "INACTIVE": 3,
        "INVALID": 0,
        "MALICIOUS": 0,
        "SANE": 0,
        "VALID": 0,
        "total": 1701
    },
    "percentage": {
        "ACTIVE": 99.8236331569665,
        "INACTIVE": 0.17804154302670624,
        "INVALID": 0,
        "MALICIOUS": 0,
        "SANE": 0,
        "VALID": 0,
        "total": 100.0016746999932
    }
}