{
    "counter": {
        "ACTIVE": 1753,
        "INACTIVE": 7,
        "INVALID": 0,
        "MALICIOUS": 0,
        "SANE": 0,
        "VALID": 0,
        "total": 1760
    },
    "percentage": {
        "ACTIVE": 99.60227272727273,
        "INACTIVE": 0.550314465408805,
        "INVALID": 0,
        "MALICIOUS": 0,
        "SANE": 0,
        "VALID": 0,
        "total": 100.15258719268154
    }
}