{
    "counter": {
        "ACTIVE": 1680,
        "INACTIVE": 7,
        "INVALID": 0,
        "MALICIOUS": 0,
        "SANE": 0,
        "VALID": 0,
        "total": 1687
    },
    "percentage": {
        "ACTIVE": 99.5850622406639,
        "INACTIVE": 0.4820936639118457,
        "INVALID": 0,
        "MALICIOUS": 0,
        "SANE": 0,
        "VALID": 0,
        "total": 100.06715590457574
    }
}