{
    "counter": {
        "ACTIVE": 1912,
        "INACTIVE": 1,
        "INVALID": 0,
        "MALICIOUS": 0,
        "SANE": 0,
        "VALID": 0,
        "total": 1913
    },
    "percentage": {
        "ACTIVE": 99.94772608468374,
        "INACTIVE": 0.05235602094240838,
        "INVALID": 0,
        "MALICIOUS": 0,
        "SANE": 0,
        "VALID": 0,
        "total": 100.00008210562615
    }
}