{
    "counter": {
        "ACTIVE": 1788,
        "INACTIVE": 2,
        "INVALID": 0,
        "MALICIOUS": 0,
        "SANE": 0,
        "VALID": 0,
        "total": 1790
    },
    "percentage": {
        "ACTIVE": 99.88826815642459,
        "INACTIVE": 0.12634238787113075,
        "INVALID": 0,
        "MALICIOUS": 0,
        "SANE": 0,
        "VALID": 0,
        "total": 100.01461054429572
    }
}