{
    "counter": {
        "ACTIVE": 457,
        "INACTIVE": 2,
        "INVALID": 0,
        "MALICIOUS": 0,
        "SANE": 0,
        "VALID": 0,
        "total": 459
    },
    "percentage": {
        "ACTIVE": 99.56427015250544,
        "INACTIVE": 1.3333333333333333,
        "INVALID": 0,
        "MALICIOUS": 0,
        "SANE": 0,
        "VALID": 0,
        "total": 100.89760348583877
    }
}