{
    "counter": {
        "ACTIVE": 1787,
        "INACTIVE": 4,
        "INVALID": 0,
        "MALICIOUS": 0,
        "SANE": 0,
        "VALID": 0,
        "total": 1791
    },
    "percentage": {
        "ACTIVE": 99.77666108319374,
        "INACTIVE": 0.2520478890989288,
        "INVALID": 0,
        "MALICIOUS": 0,
        "SANE": 0,
        "VALID": 0,
        "total": 100.02870897229268
    }
}