{
    "counter": {
        "ACTIVE": 1256,
        "INACTIVE": 30,
        "INVALID": 0,
        "MALICIOUS": 0,
        "SANE": 0,
        "VALID": 0,
        "total": 1286
    },
    "percentage": {
        "ACTIVE": 97.66718506998444,
        "INACTIVE": 2.6548672566371683,
        "INVALID": 0,
        "MALICIOUS": 0,
        "SANE": 0,
        "VALID": 0,
        "total": 100.32205232662162
    }
}