{
    "counter": {
        "ACTIVE": 1610,
        "INACTIVE": 26,
        "INVALID": 0,
        "MALICIOUS": 0,
        "SANE": 0,
        "VALID": 0,
        "total": 1636
    },
    "percentage": {
        "ACTIVE": 98.41075794621027,
        "INACTIVE": 1.6069221260815822,
        "INVALID": 0,
        "MALICIOUS": 0,
        "SANE": 0,
        "VALID": 0,
        "total": 100.01768007229185
    }
}