{
    "counter": {
        "ACTIVE": 888,
        "INACTIVE": 8,
        "INVALID": 0,
        "MALICIOUS": 0,
        "SANE": 0,
        "VALID": 0,
        "total": 896
    },
    "percentage": {
        "ACTIVE": 99.10714285714286,
        "INACTIVE": 1.2598425196850394,
        "INVALID": 0,
        "MALICIOUS": 0,
        "SANE": 0,
        "VALID": 0,
        "total": 100.3669853768279
    }
}