{
    "counter": {
        "ACTIVE": 1096,
        "INACTIVE": 1,
        "INVALID": 0,
        "MALICIOUS": 0,
        "SANE": 0,
        "VALID": 0,
        "total": 1097
    },
    "percentage": {
        "ACTIVE": 99.90884229717412,
        "INACTIVE": 0.15748031496062992,
        "INVALID": 0,
        "MALICIOUS": 0,
        "SANE": 0,
        "VALID": 0,
        "total": 100.06632261213475
    }
}