{
    "counter": {
        "ACTIVE": 1956,
        "INACTIVE": 1,
        "INVALID": 0,
        "MALICIOUS": 0,
        "SANE": 0,
        "VALID": 0,
        "total": 1957
    },
    "percentage": {
        "ACTIVE": 99.94890137966274,
        "INACTIVE": 0.22321428571428573,
        "INVALID": 0,
        "MALICIOUS": 0,
        "SANE": 0,
        "VALID": 0,
        "total": 100.17211566537704
    }
}