{
    "counter": {
        "ACTIVE": 1786,
        "INACTIVE": 1,
        "INVALID": 0,
        "MALICIOUS": 0,
        "SANE": 0,
        "VALID": 0,
        "total": 1787
    },
    "percentage": {
        "ACTIVE": 99.94404029099049,
        "INACTIVE": 0.2717391304347826,
        "INVALID": 0,
        "MALICIOUS": 0,
        "SANE": 0,
        "VALID": 0,
        "total": 100.21577942142527
    }
}