{
    "counter": {
        "ACTIVE": 1762,
        "INACTIVE": 34,
        "INVALID": 0,
        "MALICIOUS": 0,
        "SANE": 0,
        "VALID": 0,
        "total": 1796
    },
    "percentage": {
        "ACTIVE": 98.10690423162583,
        "INACTIVE": 1.905829596412556,
        "INVALID": 0,
        "MALICIOUS": 0,
        "SANE": 0,
        "VALID": 0,
        "total": 100.01273382803839
    }
}