{
    "counter": {
        "ACTIVE": 1800,
        "INACTIVE": 3,
        "INVALID": 0,
        "MALICIOUS": 0,
        "SANE": 0,
        "VALID": 0,
        "total": 1803
    },
    "percentage": {
        "ACTIVE": 99.83361064891847,
        "INACTIVE": 3.8461538461538463,
        "INVALID": 0,
        "MALICIOUS": 0,
        "SANE": 0,
        "VALID": 0,
        "total": 103.6797644950723
    }
}