{
    "counter": {
        "ACTIVE": 1268,
        "INACTIVE": 1,
        "INVALID": 0,
        "MALICIOUS": 0,
        "SANE": 0,
        "VALID": 0,
        "total": 1269
    },
    "percentage": {
        "ACTIVE": 99.92119779353821,
        "INACTIVE": 0.15822784810126583,
        "INVALID": 0,
        "MALICIOUS": 0,
        "SANE": 0,
        "VALID": 0,
        "total": 100.07942564163947
    }
}