{
    "counter": {
        "ACTIVE": 1695,
        "INACTIVE": 5,
        "INVALID": 0,
        "MALICIOUS": 0,
        "SANE": 0,
        "VALID": 0,
        "total": 1700
    },
    "percentage": {
        "ACTIVE": 99.70588235294117,
        "INACTIVE": 0.3834355828220859,
        "INVALID": 0,
        "MALICIOUS": 0,
        "SANE": 0,
        "VALID": 0,
        "total": 100.08931793576326
    }
}