{
    "counter": {
        "ACTIVE": 1070,
        "INACTIVE": 2,
        "INVALID": 0,
        "MALICIOUS": 0,
        "SANE": 0,
        "VALID": 0,
        "total": 1072
    },
    "percentage": {
        "ACTIVE": 99.81343283582089,
        "INACTIVE": 0.21344717182497333,
        "INVALID": 0,
        "MALICIOUS": 0,
        "SANE": 0,
        "VALID": 0,
        "total": 100.02688000764586
    }
}