{
    "counter": {
        "ACTIVE": 1672,
        "INACTIVE": 3,
        "INVALID": 0,
        "MALICIOUS": 0,
        "SANE": 0,
        "VALID": 0,
        "total": 1675
    },
    "percentage": {
        "ACTIVE": 99.82089552238806,
        "INACTIVE": 0.1937984496124031,
        "INVALID": 0,
        "MALICIOUS": 0,
        "SANE": 0,
        "VALID": 0,
        "total": 100.01469397200046
    }
}