{
    "counter": {
        "ACTIVE": 804,
        "INACTIVE": 3,
        "INVALID": 0,
        "MALICIOUS": 0,
        "SANE": 0,
        "VALID": 0,
        "total": 807
    },
    "percentage": {
        "ACTIVE": 99.62825278810409,
        "INACTIVE": 0.7518796992481203,
        "INVALID": 0,
        "MALICIOUS": 0,
        "SANE": 0,
        "VALID": 0,
        "total": 100.38013248735221
    }
}