{
    "counter": {
        "ACTIVE": 1673,
        "INACTIVE": 5,
        "INVALID": 0,
        "MALICIOUS": 0,
        "SANE": 0,
        "VALID": 0,
        "total": 1678
    },
    "percentage": {
        "ACTIVE": 99.70202622169249,
        "INACTIVE": 0.33489618218352313,
        "INVALID": 0,
        "MALICIOUS": 0,
        "SANE": 0,
        "VALID": 0,
        "total": 100.03692240387602
    }
}