{
    "counter": {
        "ACTIVE": 1306,
        "INACTIVE": 1,
        "INVALID": 0,
        "MALICIOUS": 0,
        "SANE": 0,
        "VALID": 0,
        "total": 1307
    },
    "percentage": {
        "ACTIVE": 99.92348890589136,
        "INACTIVE": 0.1388888888888889,
        "INVALID": 0,
        "MALICIOUS": 0,
        "SANE": 0,
        "VALID": 0,
        "total": 100.06237779478025
    }
}