{
    "counter": {
        "ACTIVE": 1690,
        "INACTIVE": 3,
        "INVALID": 0,
        "MALICIOUS": 0,
        "SANE": 0,
        "VALID": 0,
        "total": 1693
    },
    "percentage": {
        "ACTIVE": 99.82279976373302,
        "INACTIVE": 0.34522439585730724,
        "INVALID": 0,
        "MALICIOUS": 0,
        "SANE": 0,
        "VALID": 0,
        "total": 100.16802415959032
    }
}