{
    "counter": {
        "ACTIVE": 987,
        "INACTIVE": 4,
        "INVALID": 0,
        "MALICIOUS": 0,
        "SANE": 0,
        "VALID": 0,
        "total": 991
    },
    "percentage": {
        "ACTIVE": 99.59636730575177,
        "INACTIVE": 0.4836759371221282,
        "INVALID": 0,
        "MALICIOUS": 0,
        "SANE": 0,
        "VALID": 0,
        "total": 100.0800432428739
    }
}