{
    "counter": {
        "ACTIVE": 1699,
        "INACTIVE": 1,
        "INVALID": 0,
        "MALICIOUS": 0,
        "SANE": 0,
        "VALID": 0,
        "total": 1700
    },
    "percentage": {
        "ACTIVE": 99.94117647058823,
        "INACTIVE": 0.15479876160990713,
        "INVALID": 0,
        "MALICIOUS": 0,
        "SANE": 0,
        "VALID": 0,
        "total": 100.09597523219814
    }
}