{
    "counter": {
        "ACTIVE": 1699,
        "INACTIVE": 2,
        "INVALID": 0,
        "MALICIOUS": 0,
        "SANE": 0,
        "VALID": 0,
        "total": 1701
    },
    "percentage": {
        "ACTIVE": 99.88242210464432,
        "INACTIVE": 0.1497005988023952,
        "INVALID": 0,
        "MALICIOUS": 0,
        "SANE": 0,
        "VALID": 0,
        "total": 100.03212270344672
    }
}