{
    "counter": {
        "ACTIVE": 1457,
        "INACTIVE": 30,
        "INVALID": 0,
        "MALICIOUS": 0,
        "SANE": 0,
        "VALID": 0,
        "total": 1487
    },
    "percentage": {
        "ACTIVE": 97.98251513113652,
        "INACTIVE": 2.6548672566371683,
        "INVALID": 0,
        "MALICIOUS": 0,
        "SANE": 0,
        "VALID": 0,
        "total": 100.6373823877737
    }
}