{
    "counter": {
        "ACTIVE": 827,
        "INACTIVE": 1,
        "INVALID": 0,
        "MALICIOUS": 0,
        "SANE": 0,
        "VALID": 0,
        "total": 828
    },
    "percentage": {
        "ACTIVE": 99.8792270531401,
        "INACTIVE": 0.6944444444444444,
        "INVALID": 0,
        "MALICIOUS": 0,
        "SANE": 0,
        "VALID": 0,
        "total": 100.57367149758454
    }
}