{
    "counter": {
        "ACTIVE": 1682,
        "INACTIVE": 7,
        "INVALID": 0,
        "MALICIOUS": 0,
        "SANE": 0,
        "VALID": 0,
        "total": 1689
    },
    "percentage": {
        "ACTIVE": 99.58555358200118,
        "INACTIVE": 0.5649717514124294,
        "INVALID": 0,
        "MALICIOUS": 0,
        "SANE": 0,
        "VALID": 0,
        "total": 100.15052533341361
    }
}