{
    "counter": {
        "ACTIVE": 1824,
        "INACTIVE": 2,
        "INVALID": 0,
        "MALICIOUS": 0,
        "SANE": 0,
        "VALID": 0,
        "total": 1826
    },
    "percentage": {
        "ACTIVE": 99.89047097480832,
        "INACTIVE": 0.14992503748125938,
        "INVALID": 0,
        "MALICIOUS": 0,
        "SANE": 0,
        "VALID": 0,
        "total": 100.04039601228958
    }
}