{
    "counter": {
        "ACTIVE": 1896,
        "INACTIVE": 38,
        "INVALID": 0,
        "MALICIOUS": 0,
        "SANE": 0,
        "VALID": 0,
        "total": 1934
    },
    "percentage": {
        "ACTIVE": 98.03516028955532,
        "INACTIVE": 2.186421173762946,
        "INVALID": 0,
        "MALICIOUS": 0,
        "SANE": 0,
        "VALID": 0,
        "total": 100.22158146331827
    }
}