{
    "counter": {
        "ACTIVE": 788,
        "INACTIVE": 4,
        "INVALID": 0,
        "MALICIOUS": 0,
        "SANE": 0,
        "VALID": 0,
        "total": 792
    },
    "percentage": {
        "ACTIVE": 99.4949494949495,
        "INACTIVE": 0.5427408412483039,
        "INVALID": 0,
        "MALICIOUS": 0,
        "SANE": 0,
        "VALID": 0,
        "total": 100.0376903361978
    }
}