{
    "counter": {
        "ACTIVE": 1344,
        "INACTIVE": 25,
        "INVALID": 0,
        "MALICIOUS": 0,
        "SANE": 0,
        "VALID": 0,
        "total": 1369
    },
    "percentage": {
        "ACTIVE": 98.17384952520088,
        "INACTIVE": 1.8882175226586102,
        "INVALID": 0,
        "MALICIOUS": 0,
        "SANE": 0,
        "VALID": 0,
        "total": 100.06206704785949
    }
}