{
    "counter": {
        "ACTIVE": 1287,
        "INACTIVE": 14,
        "INVALID": 0,
        "MALICIOUS": 0,
        "SANE": 0,
        "VALID": 0,
        "total": 1301
    },
    "percentage": {
        "ACTIVE": 98.923904688701,
        "INACTIVE": 1.078582434514638,
        "INVALID": 0,
        "MALICIOUS": 0,
        "SANE": 0,
        "VALID": 0,
        "total": 100.00248712321564
    }
}