{
    "counter": {
        "ACTIVE": 419,
        "INACTIVE": 2,
        "INVALID": 0,
        "MALICIOUS": 0,
        "SANE": 0,
        "VALID": 0,
        "total": 421
    },
    "percentage": {
        "ACTIVE": 99.5249406175772,
        "INACTIVE": 1.36986301369863,
        "INVALID": 0,
        "MALICIOUS": 0,
        "SANE": 0,
        "VALID": 0,
        "total": 100.89480363127583
    }
}