{
    "counter": {
        "ACTIVE": 1589,
        "INACTIVE": 1,
        "INVALID": 0,
        "MALICIOUS": 0,
        "SANE": 0,
        "VALID": 0,
        "total": 1590
    },
    "percentage": {
        "ACTIVE": 99.937106918239,
        "INACTIVE": 0.17889087656529518,
        "INVALID": 0,
        "MALICIOUS": 0,
        "SANE": 0,
        "VALID": 0,
        "total": 100.11599779480429
    }
}