{
    "counter": {
        "ACTIVE": 1092,
        "INACTIVE": 5,
        "INVALID": 0,
        "MALICIOUS": 0,
        "SANE": 0,
        "VALID": 0,
        "total": 1097
    },
    "percentage": {
        "ACTIVE": 99.54421148587056,
        "INACTIVE": 0.47393364928909953,
        "INVALID": 0,
        "MALICIOUS": 0,
        "SANE": 0,
        "VALID": 0,
        "total": 100.01814513515966
    }
}