{
    "counter": {
        "ACTIVE": 1786,
        "INACTIVE": 1,
        "INVALID": 0,
        "MALICIOUS": 0,
        "SANE": 0,
        "VALID": 0,
        "total": 1787
    },
    "percentage": {
        "ACTIVE": 99.94404029099049,
        "INACTIVE": 0.17889087656529518,
        "INVALID": 0,
        "MALICIOUS": 0,
        "SANE": 0,
        "VALID": 0,
        "total": 100.12293116755578
    }
}