{
    "counter": {
        "ACTIVE": 1703,
        "INACTIVE": 4,
        "INVALID": 0,
        "MALICIOUS": 0,
        "SANE": 0,
        "VALID": 0,
        "total": 1707
    },
    "percentage": {
        "ACTIVE": 99.76567076742823,
        "INACTIVE": 0.28964518464880523,
        "INVALID": 0,
        "MALICIOUS": 0,
        "SANE": 0,
        "VALID": 0,
        "total": 100.05531595207704
    }
}