{
    "counter": {
        "ACTIVE": 873,
        "INACTIVE": 1,
        "INVALID": 0,
        "MALICIOUS": 0,
        "SANE": 0,
        "VALID": 0,
        "total": 874
    },
    "percentage": {
        "ACTIVE": 99.88558352402745,
        "INACTIVE": 0.2557544757033248,
        "INVALID": 0,
        "MALICIOUS": 0,
        "SANE": 0,
        "VALID": 0,
        "total": 100.14133799973078
    }
}