{
    "counter": {
        "ACTIVE": 1876,
        "INACTIVE": 7,
        "INVALID": 0,
        "MALICIOUS": 0,
        "SANE": 0,
        "VALID": 0,
        "total": 1883
    },
    "percentage": {
        "ACTIVE": 99.62825278810409,
        "INACTIVE": 0.38802660753880264,
        "INVALID": 0,
        "MALICIOUS": 0,
        "SANE": 0,
        "VALID": 0,
        "total": 100.0162793956429
    }
}