{
    "counter": {
        "ACTIVE": 1666,
        "INACTIVE": 1,
        "INVALID": 0,
        "MALICIOUS": 0,
        "SANE": 0,
        "VALID": 0,
        "total": 1667
    },
    "percentage": {
        "ACTIVE": 99.94001199760048,
        "INACTIVE": 0.059988002399520096,
        "INVALID": 0.0,
        "MALICIOUS": 0.0,
        "SANE": 0.0,
        "VALID": 0.0,
        "total": 100.0
    }
}