{
    "counter": {
        "ACTIVE": 789,
        "INACTIVE": 2,
        "INVALID": 0,
        "MALICIOUS": 0,
        "SANE": 0,
        "VALID": 0,
        "total": 791
    },
    "percentage": {
        "ACTIVE": 99.74715549936789,
        "INACTIVE": 0.2574002574002574,
        "INVALID": 0,
        "MALICIOUS": 0,
        "SANE": 0,
        "VALID": 0,
        "total": 100.00455575676816
    }
}