{
    "counter": {
        "ACTIVE": 1742,
        "INACTIVE": 26,
        "INVALID": 0,
        "MALICIOUS": 0,
        "SANE": 0,
        "VALID": 0,
        "total": 1768
    },
    "percentage": {
        "ACTIVE": 98.52941176470588,
        "INACTIVE": 1.4908256880733946,
        "INVALID": 0,
        "MALICIOUS": 0,
        "SANE": 0,
        "VALID": 0,
        "total": 100.02023745277928
    }
}