{
    "counter": {
        "ACTIVE": 1901,
        "INACTIVE": 1,
        "INVALID": 0,
        "MALICIOUS": 0,
        "SANE": 0,
        "VALID": 0,
        "total": 1902
    },
    "percentage": {
        "ACTIVE": 99.94742376445846,
        "INACTIVE": 0.057570523891767415,
        "INVALID": 0,
        "MALICIOUS": 0,
        "SANE": 0,
        "VALID": 0,
        "total": 100.00499428835023
    }
}