{
    "counter": {
        "ACTIVE": 1784,
        "INACTIVE": 2,
        "INVALID": 0,
        "MALICIOUS": 0,
        "SANE": 0,
        "VALID": 0,
        "total": 1786
    },
    "percentage": {
        "ACTIVE": 99.88801791713325,
        "INACTIVE": 0.1404494382022472,
        "INVALID": 0,
        "MALICIOUS": 0,
        "SANE": 0,
        "VALID": 0,
        "total": 100.02846735533551
    }
}