{
    "counter": {
        "ACTIVE": 1095,
        "INACTIVE": 6,
        "INVALID": 0,
        "MALICIOUS": 0,
        "SANE": 0,
        "VALID": 0,
        "total": 1101
    },
    "percentage": {
        "ACTIVE": 99.4550408719346,
        "INACTIVE": 0.7682458386683739,
        "INVALID": 0,
        "MALICIOUS": 0,
        "SANE": 0,
        "VALID": 0,
        "total": 100.22328671060298
    }
}