{
    "counter": {
        "ACTIVE": 1680,
        "INACTIVE": 3,
        "INVALID": 0,
        "MALICIOUS": 0,
        "SANE": 0,
        "VALID": 0,
        "total": 1683
    },
    "percentage": {
        "ACTIVE": 99.82174688057042,
        "INACTIVE": 0.3112033195020747,
        "INVALID": 0,
        "MALICIOUS": 0,
        "SANE": 0,
        "VALID": 0,
        "total": 100.13295020007249
    }
}