{
    "counter": {
        "ACTIVE": 1382,
        "INACTIVE": 2,
        "INVALID": 0,
        "MALICIOUS": 0,
        "SANE": 0,
        "VALID": 0,
        "total": 1384
    },
    "percentage": {
        "ACTIVE": 99.85549132947978,
        "INACTIVE": 1.8018018018018018,
        "INVALID": 0,
        "MALICIOUS": 0,
        "SANE": 0,
        "VALID": 0,
        "total": 101.65729313128158
    }
}