{
    "counter": {
        "ACTIVE": 1787,
        "INACTIVE": 2,
        "INVALID": 0,
        "MALICIOUS": 0,
        "SANE": 0,
        "VALID": 0,
        "total": 1789
    },
    "percentage": {
        "ACTIVE": 99.88820570150922,
        "INACTIVE": 0.5128205128205128,
        "INVALID": 0,
        "MALICIOUS": 0,
        "SANE": 0,
        "VALID": 0,
        "total": 100.40102621432973
    }
}