{
    "counter": {
        "ACTIVE": 1123,
        "INACTIVE": 12,
        "INVALID": 0,
        "MALICIOUS": 0,
        "SANE": 0,
        "VALID": 0,
        "total": 1135
    },
    "percentage": {
        "ACTIVE": 98.94273127753304,
        "INACTIVE": 1.1988011988011988,
        "INVALID": 0,
        "MALICIOUS": 0,
        "SANE": 0,
        "VALID": 0,
        "total": 100.14153247633423
    }
}