{
    "counter": {
        "ACTIVE": 1606,
        "INACTIVE": 3,
        "INVALID": 0,
        "MALICIOUS": 0,
        "SANE": 0,
        "VALID": 0,
        "total": 1609
    },
    "percentage": {
        "ACTIVE": 99.81354878806712,
        "INACTIVE": 0.3472222222222222,
        "INVALID": 0,
        "MALICIOUS": 0,
        "SANE": 0,
        "VALID": 0,
        "total": 100.16077101028935
    }
}