{
    "counter": {
        "ACTIVE": 1776,
        "INACTIVE": 1,
        "INVALID": 0,
        "MALICIOUS": 0,
        "SANE": 0,
        "VALID": 0,
        "total": 1777
    },
    "percentage": {
        "ACTIVE": 99.94372537985369,
        "INACTIVE": 0.056274620146314014,
        "INVALID": 0.0,
        "MALICIOUS": 0.0,
        "SANE": 0.0,
        "VALID": 0.0,
        "total": 100.0
    }
}