{
    "counter": {
        "ACTIVE": 1189,
        "INACTIVE": 3,
        "INVALID": 0,
        "MALICIOUS": 0,
        "SANE": 0,
        "VALID": 0,
        "total": 1192
    },
    "percentage": {
        "ACTIVE": 99.74832214765101,
        "INACTIVE": 0.3440366972477064,
        "INVALID": 0,
        "MALICIOUS": 0,
        "SANE": 0,
        "VALID": 0,
        "total": 100.09235884489871
    }
}