{
    "counter": {
        "ACTIVE": 1599,
        "INACTIVE": 2,
        "INVALID": 0,
        "MALICIOUS": 0,
        "SANE": 0,
        "VALID": 0,
        "total": 1601
    },
    "percentage": {
        "ACTIVE": 99.87507807620237,
        "INACTIVE": 0.24067388688327315,
        "INVALID": 0,
        "MALICIOUS": 0,
        "SANE": 0,
        "VALID": 0,
        "total": 100.11575196308564
    }
}