{
    "counter": {
        "ACTIVE": 1586,
        "INACTIVE": 3,
        "INVALID": 0,
        "MALICIOUS": 0,
        "SANE": 0,
        "VALID": 0,
        "total": 1589
    },
    "percentage": {
        "ACTIVE": 99.81120201384519,
        "INACTIVE": 0.27726432532347506,
        "INVALID": 0,
        "MALICIOUS": 0,
        "SANE": 0,
        "VALID": 0,
        "total": 100.08846633916866
    }
}