{
    "counter": {
        "ACTIVE": 1807,
        "INACTIVE": 1,
        "INVALID": 0,
        "MALICIOUS": 0,
        "SANE": 0,
        "VALID": 0,
        "total": 1808
    },
    "percentage": {
        "ACTIVE": 99.94469026548673,
        "INACTIVE": 0.06684491978609626,
        "INVALID": 0,
        "MALICIOUS": 0,
        "SANE": 0,
        "VALID": 0,
        "total": 100.01153518527282
    }
}