{
    "counter": {
        "ACTIVE": 1883,
        "INACTIVE": 3,
        "INVALID": 0,
        "MALICIOUS": 0,
        "SANE": 0,
        "VALID": 0,
        "total": 1886
    },
    "percentage": {
        "ACTIVE": 99.84093319194062,
        "INACTIVE": 3.8461538461538463,
        "INVALID": 0,
        "MALICIOUS": 0,
        "SANE": 0,
        "VALID": 0,
        "total": 103.68708703809446
    }
}