{
    "counter": {
        "ACTIVE": 1795,
        "INACTIVE": 1,
        "INVALID": 0,
        "MALICIOUS": 0,
        "SANE": 0,
        "VALID": 0,
        "total": 1796
    },
    "percentage": {
        "ACTIVE": 99.94432071269487,
        "INACTIVE": 0.1388888888888889,
        "INVALID": 0,
        "MALICIOUS": 0,
        "SANE": 0,
        "VALID": 0,
        "total": 100.08320960158376
    }
}