{
    "counter": {
        "ACTIVE": 1462,
        "INACTIVE": 108,
        "INVALID": 0,
        "MALICIOUS": 0,
        "SANE": 0,
        "VALID": 0,
        "total": 1570
    },
    "percentage": {
        "ACTIVE": 93.12101910828025,
        "INACTIVE": 6.8789808917197455,
        "INVALID": 0.0,
        "MALICIOUS": 0.0,
        "SANE": 0.0,
        "VALID": 0.0,
        "total": 100.0
    }
}