{
    "counter": {
        "ACTIVE": 1796,
        "INACTIVE": 3,
        "INVALID": 0,
        "MALICIOUS": 0,
        "SANE": 0,
        "VALID": 0,
        "total": 1799
    },
    "percentage": {
        "ACTIVE": 99.83324068927182,
        "INACTIVE": 0.3865979381443299,
        "INVALID": 0,
        "MALICIOUS": 0,
        "SANE": 0,
        "VALID": 0,
        "total": 100.21983862741615
    }
}