{
    "counter": {
        "ACTIVE": 1306,
        "INACTIVE": 19,
        "INVALID": 0,
        "MALICIOUS": 0,
        "SANE": 0,
        "VALID": 0,
        "total": 1325
    },
    "percentage": {
        "ACTIVE": 98.56603773584905,
        "INACTIVE": 1.474010861132661,
        "INVALID": 0,
        "MALICIOUS": 0,
        "SANE": 0,
        "VALID": 0,
        "total": 100.0400485969817
    }
}