{
    "counter": {
        "ACTIVE": 1772,
        "INACTIVE": 1,
        "INVALID": 0,
        "MALICIOUS": 0,
        "SANE": 0,
        "VALID": 0,
        "total": 1773
    },
    "percentage": {
        "ACTIVE": 99.94359842075578,
        "INACTIVE": 0.06188118811881188,
        "INVALID": 0,
        "MALICIOUS": 0,
        "SANE": 0,
        "VALID": 0,
        "total": 100.0054796088746
    }
}