{
    "counter": {
        "ACTIVE": 622,
        "INACTIVE": 1,
        "INVALID": 0,
        "MALICIOUS": 0,
        "SANE": 0,
        "VALID": 0,
        "total": 623
    },
    "percentage": {
        "ACTIVE": 99.83948635634029,
        "INACTIVE": 0.20833333333333334,
        "INVALID": 0,
        "MALICIOUS": 0,
        "SANE": 0,
        "VALID": 0,
        "total": 100.04781968967362
    }
}