{
    "counter": {
        "ACTIVE": 595,
        "INACTIVE": 3,
        "INVALID": 0,
        "MALICIOUS": 0,
        "SANE": 0,
        "VALID": 0,
        "total": 598
    },
    "percentage": {
        "ACTIVE": 99.49832775919732,
        "INACTIVE": 0.5300353356890459,
        "INVALID": 0,
        "MALICIOUS": 0,
        "SANE": 0,
        "VALID": 0,
        "total": 100.02836309488637
    }
}