{
    "counter": {
        "ACTIVE": 1646,
        "INACTIVE": 44,
        "INVALID": 0,
        "MALICIOUS": 0,
        "SANE": 0,
        "VALID": 0,
        "total": 1690
    },
    "percentage": {
        "ACTIVE": 97.39644970414201,
        "INACTIVE": 2.679658952496955,
        "INVALID": 0,
        "MALICIOUS": 0,
        "SANE": 0,
        "VALID": 0,
        "total": 100.07610865663897
    }
}