{
    "counter": {
        "ACTIVE": 481,
        "INACTIVE": 2,
        "INVALID": 0,
        "MALICIOUS": 0,
        "SANE": 0,
        "VALID": 0,
        "total": 483
    },
    "percentage": {
        "ACTIVE": 99.58592132505176,
        "INACTIVE": 0.5305039787798409,
        "INVALID": 0,
        "MALICIOUS": 0,
        "SANE": 0,
        "VALID": 0,
        "total": 100.1164253038316
    }
}