{
    "counter": {
        "ACTIVE": 1756,
        "INACTIVE": 26,
        "INVALID": 0,
        "MALICIOUS": 0,
        "SANE": 0,
        "VALID": 0,
        "total": 1782
    },
    "percentage": {
        "ACTIVE": 98.54096520763187,
        "INACTIVE": 1.4908256880733946,
        "INVALID": 0,
        "MALICIOUS": 0,
        "SANE": 0,
        "VALID": 0,
        "total": 100.03179089570527
    }
}