{
    "counter": {
        "ACTIVE": 1435,
        "INACTIVE": 1,
        "INVALID": 0,
        "MALICIOUS": 0,
        "SANE": 0,
        "VALID": 0,
        "total": 1436
    },
    "percentage": {
        "ACTIVE": 99.93036211699165,
        "INACTIVE": 4.761904761904762,
        "INVALID": 0,
        "MALICIOUS": 0,
        "SANE": 0,
        "VALID": 0,
        "total": 104.6922668788964
    }
}