{
    "counter": {
        "ACTIVE": 1325,
        "INACTIVE": 1,
        "INVALID": 0,
        "MALICIOUS": 0,
        "SANE": 0,
        "VALID": 0,
        "total": 1326
    },
    "percentage": {
        "ACTIVE": 99.92458521870286,
        "INACTIVE": 0.07818608287724785,
        "INVALID": 0,
        "MALICIOUS": 0,
        "SANE": 0,
        "VALID": 0,
        "total": 100.00277130158011
    }
}