{
    "counter": {
        "ACTIVE": 1654,
        "INACTIVE": 7,
        "INVALID": 0,
        "MALICIOUS": 0,
        "SANE": 0,
        "VALID": 0,
        "total": 1661
    },
    "percentage": {
        "ACTIVE": 99.578567128236,
        "INACTIVE": 0.4410838059231254,
        "INVALID": 0,
        "MALICIOUS": 0,
        "SANE": 0,
        "VALID": 0,
        "total": 100.01965093415913
    }
}