{
    "counter": {
        "ACTIVE": 1701,
        "INACTIVE": 2,
        "INVALID": 0,
        "MALICIOUS": 0,
        "SANE": 0,
        "VALID": 0,
        "total": 1703
    },
    "percentage": {
        "ACTIVE": 99.88256018790369,
        "INACTIVE": 0.2098635886673662,
        "INVALID": 0,
        "MALICIOUS": 0,
        "SANE": 0,
        "VALID": 0,
        "total": 100.09242377657105
    }
}