{
    "counter": {
        "ACTIVE": 804,
        "INACTIVE": 63,
        "INVALID": 0,
        "MALICIOUS": 0,
        "SANE": 0,
        "VALID": 0,
        "total": 867
    },
    "percentage": {
        "ACTIVE": 92.73356401384083,
        "INACTIVE": 8.948863636363637,
        "INVALID": 0,
        "MALICIOUS": 0,
        "SANE": 0,
        "VALID": 0,
        "total": 101.68242765020447
    }
}