{
    "counter": {
        "ACTIVE": 1785,
        "INACTIVE": 1,
        "INVALID": 0,
        "MALICIOUS": 0,
        "SANE": 0,
        "VALID": 0,
        "total": 1786
    },
    "percentage": {
        "ACTIVE": 99.94400895856663,
        "INACTIVE": 0.30864197530864196,
        "INVALID": 0,
        "MALICIOUS": 0,
        "SANE": 0,
        "VALID": 0,
        "total": 100.25265093387527
    }
}