{
    "counter": {
        "ACTIVE": 1470,
        "INACTIVE": 11,
        "INVALID": 0,
        "MALICIOUS": 0,
        "SANE": 0,
        "VALID": 0,
        "total": 1481
    },
    "percentage": {
        "ACTIVE": 99.25725860904794,
        "INACTIVE": 1.6516516516516517,
        "INVALID": 0,
        "MALICIOUS": 0,
        "SANE": 0,
        "VALID": 0,
        "total": 100.90891026069959
    }
}