{
    "counter": {
        "ACTIVE": 1698,
        "INACTIVE": 3,
        "INVALID": 0,
        "MALICIOUS": 0,
        "SANE": 0,
        "VALID": 0,
        "total": 1701
    },
    "percentage": {
        "ACTIVE": 99.8236331569665,
        "INACTIVE": 0.4909983633387889,
        "INVALID": 0,
        "MALICIOUS": 0,
        "SANE": 0,
        "VALID": 0,
        "total": 100.31463152030528
    }
}