{
    "counter": {
        "ACTIVE": 1746,
        "INACTIVE": 6,
        "INVALID": 0,
        "MALICIOUS": 0,
        "SANE": 0,
        "VALID": 0,
        "total": 1752
    },
    "percentage": {
        "ACTIVE": 99.65753424657534,
        "INACTIVE": 0.3488372093023256,
        "INVALID": 0,
        "MALICIOUS": 0,
        "SANE": 0,
        "VALID": 0,
        "total": 100.00637145587767
    }
}