{
    "counter": {
        "ACTIVE": 1653,
        "INACTIVE": 1,
        "INVALID": 0,
        "MALICIOUS": 0,
        "SANE": 0,
        "VALID": 0,
        "total": 1654
    },
    "percentage": {
        "ACTIVE": 99.93954050785973,
        "INACTIVE": 0.060459492140266025,
        "INVALID": 0.0,
        "MALICIOUS": 0.0,
        "SANE": 0.0,
        "VALID": 0.0,
        "total": 100.0
    }
}