{
    "counter": {
        "ACTIVE": 1950,
        "INACTIVE": 3,
        "INVALID": 0,
        "MALICIOUS": 0,
        "SANE": 0,
        "VALID": 0,
        "total": 1953
    },
    "percentage": {
        "ACTIVE": 99.84639016897081,
        "INACTIVE": 0.20215633423180593,
        "INVALID": 0,
        "MALICIOUS": 0,
        "SANE": 0,
        "VALID": 0,
        "total": 100.04854650320262
    }
}