{
    "counter": {
        "ACTIVE": 835,
        "INACTIVE": 3,
        "INVALID": 0,
        "MALICIOUS": 0,
        "SANE": 0,
        "VALID": 0,
        "total": 838
    },
    "percentage": {
        "ACTIVE": 99.64200477326969,
        "INACTIVE": 0.3740648379052369,
        "INVALID": 0,
        "MALICIOUS": 0,
        "SANE": 0,
        "VALID": 0,
        "total": 100.01606961117493
    }
}