{
    "counter": {
        "ACTIVE": 1264,
        "INACTIVE": 1,
        "INVALID": 0,
        "MALICIOUS": 0,
        "SANE": 0,
        "VALID": 0,
        "total": 1265
    },
    "percentage": {
        "ACTIVE": 99.9209486166008,
        "INACTIVE": 0.28901734104046245,
        "INVALID": 0,
        "MALICIOUS": 0,
        "SANE": 0,
        "VALID": 0,
        "total": 100.20996595764126
    }
}