{
    "counter": {
        "ACTIVE": 1697,
        "INACTIVE": 6,
        "INVALID": 0,
        "MALICIOUS": 0,
        "SANE": 0,
        "VALID": 0,
        "total": 1703
    },
    "percentage": {
        "ACTIVE": 99.64768056371109,
        "INACTIVE": 0.4282655246252677,
        "INVALID": 0,
        "MALICIOUS": 0,
        "SANE": 0,
        "VALID": 0,
        "total": 100.07594608833637
    }
}