{
    "counter": {
        "ACTIVE": 993,
        "INACTIVE": 2,
        "INVALID": 0,
        "MALICIOUS": 0,
        "SANE": 0,
        "VALID": 0,
        "total": 995
    },
    "percentage": {
        "ACTIVE": 99.79899497487438,
        "INACTIVE": 0.49875311720698257,
        "INVALID": 0,
        "MALICIOUS": 0,
        "SANE": 0,
        "VALID": 0,
        "total": 100.29774809208136
    }
}