{
    "counter": {
        "1API GmbH": 2,
        "CommuniGal Communication Ltd.": 2,
        "Dynadot LLC": 2,
        "GoDaddy.com, LLC": 2,
        "Name.com, Inc.": 2,
        "NameCheap, Inc.": 24,
        "total": 34
    },
    "percentage": {
        "1API GmbH": 5.882352941176471,
        "CommuniGal Communication Ltd.": 5.882352941176471,
        "Dynadot LLC": 5.882352941176471,
        "GoDaddy.com, LLC": 5.882352941176471,
        "Name.com, Inc.": 5.882352941176471,
        "NameCheap, Inc.": 70.58823529411765,
        "total": 100.0
    }
}