{
    "counter": {
        "1API GmbH": 2,
        "BUZINESSWARE": 2,
        "CommuniGal Communications Ltd.": 4,
        "Dynadot LLC": 2,
        "GoDaddy.com, LLC": 2,
        "NAMECHEAP": 2,
        "NameCheap, Inc.": 4,
        "Radix FZC": 2,
        "Sav.com, LLC": 2,
        "total": 22
    },
    "percentage": {
        "1API GmbH": 9.090909090909092,
        "BUZINESSWARE": 9.090909090909092,
        "CommuniGal Communications Ltd.": 18.181818181818183,
        "Dynadot LLC": 9.090909090909092,
        "GoDaddy.com, LLC": 9.090909090909092,
        "NAMECHEAP": 9.090909090909092,
        "NameCheap, Inc.": 18.181818181818183,
        "Radix FZC": 9.090909090909092,
        "Sav.com, LLC": 9.090909090909092,
        "total": 100.00000000000001
    }
}