{
    "counter": {
        "1API GmbH": 8,
        "CommuniGal Communications Ltd.": 8,
        "Dynadot Inc": 2,
        "Dynadot LLC": 2,
        "GoDaddy.com, LLC": 4,
        "Gransy, s.r.o.": 2,
        "NAMECHEAP": 2,
        "NameCheap, Inc.": 40,
        "Radix FZC": 4,
        "Sav.com, LLC": 4,
        "total": 76
    },
    "percentage": {
        "1API GmbH": 10.526315789473685,
        "CommuniGal Communications Ltd.": 10.526315789473685,
        "Dynadot Inc": 2.6315789473684212,
        "Dynadot LLC": 2.6315789473684212,
        "GoDaddy.com, LLC": 5.2631578947368425,
        "Gransy, s.r.o.": 2.6315789473684212,
        "NAMECHEAP": 2.6315789473684212,
        "NameCheap, Inc.": 52.63157894736842,
        "Radix FZC": 5.2631578947368425,
        "Sav.com, LLC": 5.2631578947368425,
        "total": 100.00000000000003
    }
}