{
    "counter": {
        "BUZINESSWARE": 1,
        "Communigal Communications Ltd.": 1,
        "Dynadot LLC": 1,
        "Gransy, s.r.o.": 1,
        "NameCheap, Inc.": 7,
        "total": 11
    },
    "percentage": {
        "BUZINESSWARE": 9.090909090909092,
        "Communigal Communications Ltd.": 9.090909090909092,
        "Dynadot LLC": 9.090909090909092,
        "Gransy, s.r.o.": 9.090909090909092,
        "NameCheap, Inc.": 63.63636363636363,
        "total": 100.0
    }
}