{
    "counter": {
        "1API GmbH": 8,
        "BUZINESSWARE": 2,
        "CommuniGal Communications Ltd.": 6,
        "Dynadot LLC": 2,
        "GoDaddy.com, LLC": 2,
        "NAMECHEAP": 2,
        "NameCheap, Inc.": 6,
        "Radix FZC": 4,
        "Sav.com, LLC": 4,
        "total": 36
    },
    "percentage": {
        "1API GmbH": 22.22222222222222,
        "BUZINESSWARE": 5.555555555555555,
        "CommuniGal Communications Ltd.": 16.666666666666668,
        "Dynadot LLC": 5.555555555555555,
        "GoDaddy.com, LLC": 5.555555555555555,
        "NAMECHEAP": 5.555555555555555,
        "NameCheap, Inc.": 16.666666666666668,
        "Radix FZC": 11.11111111111111,
        "Sav.com, LLC": 11.11111111111111,
        "total": 100.00000000000001
    }
}