{
    "counter": {
        "1API GmbH": 8,
        "BUZINESSWARE": 2,
        "CommuniGal Communication Ltd.": 4,
        "CommuniGal Communications Ltd.": 16,
        "Dynadot Inc": 2,
        "Dynadot LLC": 4,
        "GoDaddy.com, LLC": 4,
        "Gransy, s.r.o.": 2,
        "HOSTINGER operations, UAB": 2,
        "NAMECHEAP": 2,
        "NameCheap, Inc.": 42,
        "OVH SAS": 2,
        "PDR Ltd. d/b/a PublicDomainRegistry.com": 2,
        "Radix FZC": 6,
        "Sav.com, LLC": 4,
        "total": 102
    },
    "percentage": {
        "1API GmbH": 7.8431372549019605,
        "BUZINESSWARE": 1.9607843137254901,
        "CommuniGal Communication Ltd.": 3.9215686274509802,
        "CommuniGal Communications Ltd.": 15.686274509803921,
        "Dynadot Inc": 1.9607843137254901,
        "Dynadot LLC": 3.9215686274509802,
        "GoDaddy.com, LLC": 3.9215686274509802,
        "Gransy, s.r.o.": 1.9607843137254901,
        "HOSTINGER operations, UAB": 1.9607843137254901,
        "NAMECHEAP": 1.9607843137254901,
        "NameCheap, Inc.": 41.1764705882353,
        "OVH SAS": 1.9607843137254901,
        "PDR Ltd. d/b/a PublicDomainRegistry.com": 1.9607843137254901,
        "Radix FZC": 5.882352941176471,
        "Sav.com, LLC": 3.9215686274509802,
        "total": 99.99999999999999
    }
}