{
    "counter": {
        "1API GmbH": 8,
        "BUZINESSWARE": 2,
        "CommuniGal Communication Ltd.": 4,
        "CommuniGal Communications Ltd.": 24,
        "Dynadot Inc": 2,
        "Dynadot LLC": 6,
        "GoDaddy.com, LLC": 4,
        "Gransy, s.r.o.": 2,
        "HOSTINGER operations, UAB": 2,
        "NAMECHEAP": 2,
        "Name.com, Inc.": 2,
        "NameCheap, Inc.": 48,
        "OVH SAS": 2,
        "PDR Ltd. d/b/a PublicDomainRegistry.com": 2,
        "RU-CENTER-RU": 2,
        "Radix FZC": 6,
        "Sav.com, LLC": 6,
        "total": 124
    },
    "percentage": {
        "1API GmbH": 6.451612903225806,
        "BUZINESSWARE": 1.6129032258064515,
        "CommuniGal Communication Ltd.": 3.225806451612903,
        "CommuniGal Communications Ltd.": 19.35483870967742,
        "Dynadot Inc": 1.6129032258064515,
        "Dynadot LLC": 4.838709677419355,
        "GoDaddy.com, LLC": 3.225806451612903,
        "Gransy, s.r.o.": 1.6129032258064515,
        "HOSTINGER operations, UAB": 1.6129032258064515,
        "NAMECHEAP": 1.6129032258064515,
        "Name.com, Inc.": 1.6129032258064515,
        "NameCheap, Inc.": 38.70967741935484,
        "OVH SAS": 1.6129032258064515,
        "PDR Ltd. d/b/a PublicDomainRegistry.com": 1.6129032258064515,
        "RU-CENTER-RU": 1.6129032258064515,
        "Radix FZC": 4.838709677419355,
        "Sav.com, LLC": 4.838709677419355,
        "total": 99.99999999999999
    }
}